"sbjCode","condit","exp","file","Category","x1","y1","x2","y2","x3","y3","x4","y4","x5","y5","x6","y6","x7","y7","x8","y8","x9","y9"
"1","nrep","lmc22","polynrep1.txt",1,-2,9,-5,-15,2,-3,-7,-10,-1,5,-9,15,-1,-13,8,7,12,2
"1","nrep","lmc22","polynrep1.txt",2,-14,13,-13,-10,-5,-11,-4,4,13,0,-8,7,-11,13,0,4,2,-8
"1","nrep","lmc22","polynrep1.txt",3,4,-8,-11,3,11,-4,4,12,-4,5,-7,-8,-7,6,-10,16,6,-11
"1","rep","lmc22","polyrep1.txt",1,2,13,-12,11,-1,-13,-6,1,6,-8,-4,2,1,3,-12,-2,-5,14
"1","rep","lmc22","polyrep1.txt",2,-9,6,-12,-15,-15,-8,-13,8,7,13,-8,-11,3,11,-2,-15,-9,14
"1","rep","lmc22","polyrep1.txt",3,-1,10,7,6,9,-5,12,-3,-3,0,-14,-3,3,11,-12,15,-7,2
"10","nrep","lmc22","polynrep10.txt",1,4,-6,-1,16,13,-14,7,8,-10,15,-6,-6,10,2,-3,1,7,-11
"10","nrep","lmc22","polynrep10.txt",2,2,10,-9,-14,-7,6,11,-6,-15,-2,2,-14,0,-1,14,-2,-2,5
"10","nrep","lmc22","polynrep10.txt",3,-7,-8,4,3,13,-3,-11,-7,-12,-9,3,9,-14,3,-10,6,15,12
"11","nrep","lmc22","polynrep11.txt",1,7,9,-1,-4,1,1,4,-12,13,-3,13,2,-9,-13,15,8,-13,-6
"11","nrep","lmc22","polynrep11.txt",2,13,-14,10,-6,5,0,5,-4,-8,-13,11,-9,3,15,2,-13,14,10
"11","nrep","lmc22","polynrep11.txt",3,-3,13,3,-8,-8,-8,-5,-9,0,-6,1,5,-11,-7,5,5,14,0
"11","rep","lmc22","polyrep11.txt",1,-15,4,-5,-13,-12,16,0,-15,-12,-6,-1,7,-6,-15,-10,1,-6,-5
"11","rep","lmc22","polyrep11.txt",2,9,-11,-1,-5,1,0,-8,-11,3,-2,1,16,2,-7,-12,-13,1,-9
"11","rep","lmc22","polyrep11.txt",3,12,15,-1,-14,13,-15,8,-11,0,-7,3,-15,-8,-13,-5,-3,-15,10
"12","nrep","lmc22","polynrep12.txt",1,-1,13,16,13,8,-15,-5,9,1,-14,3,10,3,15,11,1,-4,15
"12","nrep","lmc22","polynrep12.txt",2,9,14,0,-15,-15,10,-1,-11,4,2,9,1,-4,12,-8,16,1,-3
"12","nrep","lmc22","polynrep12.txt",3,6,12,16,12,-6,-5,15,1,11,-2,-9,12,-4,13,3,-9,-13,0
"12","rep","lmc22","polyrep12.txt",1,-12,13,-11,11,7,-5,12,12,-5,-8,-1,13,16,1,9,10,-1,-7
"12","rep","lmc22","polyrep12.txt",2,14,-1,-3,-1,5,3,9,-5,-6,7,16,-6,5,10,11,16,-11,-12
"12","rep","lmc22","polyrep12.txt",3,12,0,-6,-6,-7,10,-7,5,12,-11,-15,-7,3,-7,5,10,-4,15
"13","nrep","lmc22","polynrep13.txt",1,6,12,5,7,-4,-2,-14,-4,13,6,4,-2,1,-6,-10,16,13,-14
"13","nrep","lmc22","polynrep13.txt",2,2,1,-5,1,5,-13,10,10,-4,-15,-8,16,-7,6,-7,2,0,-9
"13","nrep","lmc22","polynrep13.txt",3,-1,5,-11,-15,10,1,16,2,8,5,3,-2,0,-11,-7,-1,5,0
"13","rep","lmc22","polyrep13.txt",1,8,-10,-2,-6,0,-3,-10,-3,-8,-6,10,5,-1,2,-13,-1,10,-5
"13","rep","lmc22","polyrep13.txt",2,-15,9,-8,5,0,-1,-7,10,11,14,-10,-15,2,-8,10,-8,-8,-14
"13","rep","lmc22","polyrep13.txt",3,-11,6,7,15,4,4,8,-8,-5,-3,5,-9,-4,12,8,0,14,-4
"14","nrep","lmc22","polynrep14.txt",1,1,-3,11,5,5,1,-15,-8,-11,-13,-12,-1,-13,6,14,-11,2,0
"14","nrep","lmc22","polynrep14.txt",2,15,-15,-14,12,-9,-3,-6,-1,15,10,14,0,14,-6,-9,2,-15,-9
"14","nrep","lmc22","polynrep14.txt",3,-14,-9,-9,7,-8,-7,9,7,-6,-8,7,4,8,0,11,4,1,12
"14","rep","lmc22","polyrep14.txt",1,5,-6,7,-4,8,3,8,-14,0,3,13,-13,8,-11,4,4,-14,4
"14","rep","lmc22","polyrep14.txt",2,-11,-1,11,10,0,12,-12,-10,-12,4,15,15,12,3,5,-5,11,1
"14","rep","lmc22","polyrep14.txt",3,3,11,11,13,9,-13,-5,12,-10,-3,-1,14,7,1,4,1,7,-4
"15","nrep","lmc22","polynrep15.txt",1,9,14,1,-12,-12,-12,-2,15,3,-11,12,-6,-9,-1,9,8,7,6
"15","nrep","lmc22","polynrep15.txt",2,16,-3,1,7,10,14,-4,9,1,-8,8,-9,14,10,0,-5,-11,3
"15","nrep","lmc22","polynrep15.txt",3,11,-14,-13,-6,3,-3,-5,-7,3,1,5,13,9,2,16,10,2,7
"16","nrep","lmc22","polynrep16.txt",1,-4,8,2,-8,14,16,-2,-2,-7,9,-9,-15,13,0,3,-13,2,-2
"16","nrep","lmc22","polynrep16.txt",2,14,-2,2,3,9,13,-12,-5,2,-2,-8,-11,-15,3,15,8,10,-5
"16","nrep","lmc22","polynrep16.txt",3,9,2,5,-3,-7,5,-15,-9,-12,-13,5,0,-2,0,-4,-7,1,10
"16","rep","lmc22","polyrep16.txt",1,-8,1,1,10,2,5,-9,-10,4,12,-11,-4,-13,5,-8,6,-1,0
"16","rep","lmc22","polyrep16.txt",2,0,-11,8,11,-11,2,3,-3,-9,-1,-7,8,-13,-10,8,-14,-13,14
"16","rep","lmc22","polyrep16.txt",3,-11,1,-12,-8,4,-2,9,-14,13,13,-3,-2,13,-5,-5,14,-2,5
"17","nrep","lmc22","polynrep17.txt",1,9,-11,-7,14,0,-6,8,0,11,16,-12,-12,-13,-1,-2,15,9,-4
"17","nrep","lmc22","polynrep17.txt",2,0,0,-6,0,15,9,10,9,-9,-5,-14,12,0,15,8,-14,10,-7
"17","nrep","lmc22","polynrep17.txt",3,-6,-9,-3,-12,7,8,12,-9,9,-12,-1,-3,6,14,10,3,-10,-13
"17","rep","lmc22","polyrep17.txt",1,-9,-8,-4,14,-12,4,-14,8,13,-12,-2,4,-8,-5,-3,12,13,-6
"17","rep","lmc22","polyrep17.txt",2,-7,0,-5,-11,-8,12,3,-5,-11,14,-4,8,11,16,-8,9,12,3
"17","rep","lmc22","polyrep17.txt",3,9,2,15,-4,8,-14,-5,2,-6,11,-12,-12,-4,0,5,13,11,14
"18","nrep","lmc22","polynrep18.txt",1,-3,-13,-15,10,11,-2,-7,-8,7,1,13,6,-12,-8,2,-13,6,14
"18","nrep","lmc22","polynrep18.txt",2,-14,-3,10,-5,-4,1,-1,10,-3,-5,3,-1,2,-10,0,-14,6,4
"18","nrep","lmc22","polynrep18.txt",3,0,8,-3,-8,12,3,-13,-9,2,-2,6,-5,12,-2,-12,13,8,6
"18","rep","lmc22","polyrep18.txt",1,-5,-6,-2,-3,-7,14,11,13,15,-5,-4,9,-1,-8,-6,2,10,-15
"18","rep","lmc22","polyrep18.txt",2,6,-8,2,4,12,-2,2,-5,-6,7,10,-6,-14,-14,-1,6,15,8
"18","rep","lmc22","polyrep18.txt",3,6,13,10,-8,-8,13,8,-12,-6,9,-14,12,4,9,11,-14,-11,6
"2","nrep","lmc22","polynrep2.txt",1,6,6,-6,-2,-1,13,4,13,-5,13,-5,4,1,-12,-10,-9,-12,-14
"2","nrep","lmc22","polynrep2.txt",2,-3,-6,6,11,-6,10,12,-15,-3,8,-9,3,-11,4,8,-4,15,8
"2","nrep","lmc22","polynrep2.txt",3,-10,9,13,-4,3,11,11,3,11,0,-12,-3,7,1,8,4,-14,5
"20","nrep","lmc22","polynrep20.txt",1,7,10,-6,14,-5,-3,-5,-15,-12,6,-8,-13,-5,1,2,15,5,3
"20","nrep","lmc22","polynrep20.txt",2,-5,4,-13,7,0,-10,0,-15,-8,10,15,-15,-14,-1,8,-11,5,15
"20","nrep","lmc22","polynrep20.txt",3,-8,4,2,-7,10,-2,-8,-3,11,0,-7,11,-3,4,4,-1,13,9
"20","rep","lmc22","polyrep20.txt",1,13,-6,-13,8,1,7,-8,5,-11,9,3,-15,-1,-5,16,-2,13,-14
"20","rep","lmc22","polyrep20.txt",2,-6,0,11,11,4,-9,4,10,15,16,-8,-10,-8,3,-4,-10,14,-1
"20","rep","lmc22","polyrep20.txt",3,1,8,10,10,3,-11,-15,-9,-7,-2,9,16,6,5,-10,-14,0,13
"21","nrep","lmc22","polynrep21.txt",1,15,11,8,13,-6,2,-6,-15,13,-3,1,4,-13,3,-4,-7,10,15
"21","nrep","lmc22","polynrep21.txt",2,-11,6,1,6,-15,3,-10,-8,15,9,16,14,13,-1,6,13,7,1
"21","nrep","lmc22","polynrep21.txt",3,-2,10,6,1,15,15,-10,-13,9,-10,2,8,12,4,-6,-13,-5,13
"22","nrep","lmc22","polynrep22.txt",1,7,-3,13,-6,-10,3,-9,-8,4,3,10,-12,2,-10,-5,-3,-3,0
"22","nrep","lmc22","polynrep22.txt",2,1,12,5,6,-14,-2,9,-9,3,-10,16,10,1,6,-5,-14,-9,12
"22","nrep","lmc22","polynrep22.txt",3,-6,-13,10,-1,9,15,-1,13,11,9,-14,15,3,14,-12,6,15,-1
"22","rep","lmc22","polyrep22.txt",1,1,-7,10,-8,7,4,-14,-1,-3,-10,-6,-11,-9,-5,8,-9,16,-10
"22","rep","lmc22","polyrep22.txt",2,6,-6,1,7,16,-9,-9,-12,-3,-6,13,-15,15,6,-1,5,-12,-11
"22","rep","lmc22","polyrep22.txt",3,8,-3,7,-6,-2,-15,-12,3,-10,4,1,-3,16,4,14,-7,1,-6
"23","nrep","lmc22","polynrep23.txt",1,0,12,4,2,4,-6,-12,-2,-10,-8,16,-14,-9,-11,-12,4,-1,3
"23","nrep","lmc22","polynrep23.txt",2,13,15,4,4,-11,-13,14,-7,12,2,0,13,11,12,-8,6,-9,14
"23","nrep","lmc22","polynrep23.txt",3,10,-6,-10,-6,-12,3,-14,-3,11,7,-4,4,13,4,-13,11,-3,-1
"24","nrep","lmc22","polynrep24.txt",1,14,16,0,7,12,9,6,5,-11,-3,-12,-1,6,10,-2,-1,-5,-2
"24","nrep","lmc22","polynrep24.txt",2,8,7,-5,16,-2,7,16,15,-3,9,-11,-3,2,13,6,0,7,2
"24","nrep","lmc22","polynrep24.txt",3,1,10,-8,-10,-14,-3,14,-4,7,9,-6,1,-5,-3,-10,7,-9,10
"24","rep","lmc22","polyrep24.txt",1,-8,7,-13,11,-8,-1,12,-11,0,6,-5,-14,12,-3,13,-13,7,7
"24","rep","lmc22","polyrep24.txt",2,8,-8,-8,0,-8,-9,-6,-8,-11,4,16,11,-9,2,11,-11,-9,-7
"24","rep","lmc22","polyrep24.txt",3,13,-10,2,-13,-1,-9,7,1,4,10,-12,13,3,16,5,4,-14,-5
"25","nrep","lmc22","polynrep25.txt",1,-11,-14,-11,7,-11,4,12,4,-7,-12,14,-12,2,11,-5,-5,1,-1
"25","nrep","lmc22","polynrep25.txt",2,6,9,2,13,-15,4,15,15,-9,-2,16,-13,13,5,-15,-6,-11,11
"25","nrep","lmc22","polynrep25.txt",3,6,9,3,14,-8,2,9,12,13,-11,5,0,14,13,7,7,-11,13
"25","rep","lmc22","polyrep25.txt",1,8,-11,-6,-8,-1,-14,11,0,-6,12,11,-3,-11,15,6,15,4,3
"25","rep","lmc22","polyrep25.txt",2,8,-15,14,13,11,4,8,14,1,-6,3,-14,4,8,11,-4,8,-12
"25","rep","lmc22","polyrep25.txt",3,-10,-13,2,4,-6,14,14,-3,1,-3,5,-9,-3,-12,2,14,2,8
"26","nrep","lmc22","polynrep26.txt",1,7,-15,-6,8,7,-8,-14,9,7,4,15,11,3,-2,5,-12,-11,-10
"26","nrep","lmc22","polynrep26.txt",2,-3,-5,-2,-9,4,9,4,4,12,9,16,12,-14,13,-6,13,-12,-1
"26","nrep","lmc22","polynrep26.txt",3,4,-3,-9,-10,10,9,14,12,-3,-6,6,-12,-1,-9,12,1,15,0
"27","nrep","lmc22","polynrep27.txt",1,5,0,12,13,12,-8,1,11,-13,12,-3,10,-9,1,10,-11,-14,-2
"27","nrep","lmc22","polynrep27.txt",2,-14,5,11,-12,1,-5,11,1,-2,-15,-7,4,-12,-8,3,9,-8,14
"27","nrep","lmc22","polynrep27.txt",3,1,12,4,-3,-10,5,-8,16,10,11,9,13,12,-5,14,7,-14,5
"27","rep","lmc22","polyrep27.txt",1,-14,-5,16,3,-5,11,10,-12,3,-15,-14,13,12,-14,-8,7,-2,0
"27","rep","lmc22","polyrep27.txt",2,3,13,8,0,-14,-6,-13,-3,7,8,0,0,-8,15,-5,13,5,15
"27","rep","lmc22","polyrep27.txt",3,9,3,12,0,-4,-14,-13,-5,11,-2,-9,0,8,-15,-9,11,1,16
"28","nrep","lmc22","polynrep28.txt",1,-9,-1,-8,4,-11,-15,8,13,-11,-5,15,11,1,3,-12,13,14,13
"28","nrep","lmc22","polynrep28.txt",2,-12,12,-2,4,-6,8,-7,6,-11,1,0,-10,8,-9,-14,11,1,-1
"28","nrep","lmc22","polynrep28.txt",3,10,9,-5,4,7,-7,15,14,3,-10,8,11,7,-12,-6,-14,4,-5
"29","nrep","lmc22","polynrep29.txt",1,4,-15,-9,-5,-8,7,6,-13,-9,0,-2,8,-2,4,-9,-12,-10,4
"29","nrep","lmc22","polynrep29.txt",2,-8,15,5,-11,-11,-6,-11,13,-4,7,8,9,-10,-13,3,-3,10,14
"29","nrep","lmc22","polynrep29.txt",3,13,-1,10,-3,5,-9,-7,3,13,10,-14,-3,15,8,-11,12,0,14
"29","rep","lmc22","polyrep29.txt",1,-11,8,-15,5,7,6,3,10,14,-7,11,15,-2,9,-3,5,-4,-13
"29","rep","lmc22","polyrep29.txt",2,12,-12,0,-2,13,11,-10,10,-5,9,8,12,8,-2,-7,-3,10,-10
"29","rep","lmc22","polyrep29.txt",3,-4,-6,-10,-14,5,6,-9,10,-6,-9,2,-2,1,8,-10,-5,-7,4
"30","nrep","lmc22","polynrep30.txt",1,-15,-12,-4,-4,2,-14,4,-7,-1,4,-2,-2,16,-3,-13,-14,11,-6
"30","nrep","lmc22","polynrep30.txt",2,12,-3,-6,1,-14,11,-15,-14,-13,-7,-7,6,-11,0,-15,8,6,-2
"30","nrep","lmc22","polynrep30.txt",3,6,12,-12,-7,-10,-1,-3,10,-9,-13,2,1,1,3,-14,15,-8,14
"30","rep","lmc22","polyrep30.txt",1,16,-2,10,-13,-12,-3,7,13,-15,3,11,7,-7,4,6,-11,15,9
"30","rep","lmc22","polyrep30.txt",2,6,-10,5,8,3,-12,-14,-9,1,-3,-8,-11,13,16,-9,-9,13,-15
"30","rep","lmc22","polyrep30.txt",3,-11,11,-7,10,-11,-1,3,-6,0,-2,-13,-11,3,-12,6,6,16,16
"31","nrep","lmc22","polynrep31.txt",1,-7,-1,13,2,-11,2,-6,3,11,-9,-9,-10,-6,-3,-4,6,14,11
"31","nrep","lmc22","polynrep31.txt",2,-4,10,2,-6,0,-5,9,7,1,5,3,12,10,13,6,12,0,11
"31","nrep","lmc22","polynrep31.txt",3,5,-10,-12,-5,8,10,11,-12,-2,-11,4,-15,-12,12,-5,9,8,-14
"31","rep","lmc22","polyrep31.txt",1,11,12,-8,9,0,-9,10,-1,15,-12,10,-14,16,-2,8,4,15,6
"31","rep","lmc22","polyrep31.txt",2,-6,-15,2,10,-5,-5,-9,15,14,15,-14,15,2,-5,7,-6,11,-10
"31","rep","lmc22","polyrep31.txt",3,8,6,15,9,-6,-12,11,2,-5,14,-11,4,-11,11,-3,13,2,-3
"33","nrep","lmc22","polynrep33.txt",1,11,-5,4,0,1,14,-4,2,-6,-4,8,-7,-4,-8,0,-5,12,-11
"33","nrep","lmc22","polynrep33.txt",2,2,15,-15,7,-4,10,-9,15,-5,-5,14,4,-14,12,-7,-11,10,10
"33","nrep","lmc22","polynrep33.txt",3,13,-13,2,2,1,-6,-10,-6,-15,8,-2,1,3,-3,16,-1,6,-2
"33","rep","lmc22","polyrep33.txt",1,-1,9,2,-9,-1,-9,2,15,14,4,-6,-14,11,12,7,-3,8,3
"33","rep","lmc22","polyrep33.txt",2,-11,4,-1,14,13,-3,7,-8,16,12,-13,14,13,-9,-9,-5,11,9
"33","rep","lmc22","polyrep33.txt",3,-2,-14,-7,3,11,-10,8,1,-6,7,5,-2,3,-1,7,4,-8,0
"34","nrep","lmc22","polynrep34.txt",1,12,-13,-1,-9,-8,-13,9,-13,14,-4,16,10,2,-5,-13,-9,4,10
"34","nrep","lmc22","polynrep34.txt",2,8,12,15,-14,-7,-9,-9,2,-11,-8,6,7,16,1,14,11,1,-6
"34","nrep","lmc22","polynrep34.txt",3,-6,10,15,12,11,-12,-13,0,-9,11,-11,-5,11,8,-11,6,-9,-7
"35","nrep","lmc22","polynrep35.txt",1,-5,11,9,10,1,12,3,3,9,-5,5,12,11,4,-10,0,9,-12
"35","nrep","lmc22","polynrep35.txt",2,13,-6,-1,2,2,11,1,16,16,-14,-15,13,-9,10,-4,5,12,11
"35","nrep","lmc22","polynrep35.txt",3,-1,-8,-15,-8,5,15,-1,-11,15,6,0,13,2,7,2,14,11,-13
"37","nrep","lmc22","polynrep37.txt",1,-10,13,-6,4,-2,8,1,-12,7,-11,6,11,-13,-6,-3,12,-9,3
"37","nrep","lmc22","polynrep37.txt",2,-13,-11,7,-13,13,-3,16,15,16,-5,-2,10,0,-9,7,6,13,6
"37","nrep","lmc22","polynrep37.txt",3,1,4,5,6,4,13,14,-4,1,-4,-14,7,15,13,-14,-7,11,10
"37","rep","lmc22","polyrep37.txt",1,1,-6,5,-10,11,2,-10,2,13,-15,5,6,15,5,-15,-8,6,-3
"37","rep","lmc22","polyrep37.txt",2,10,16,0,-9,11,10,-14,-15,9,-5,-3,2,-9,2,-5,9,-13,15
"37","rep","lmc22","polyrep37.txt",3,-13,-1,10,-5,1,4,-14,4,1,7,1,1,-10,1,11,0,6,-4
"38","nrep","lmc22","polynrep38.txt",1,-2,-9,-8,4,1,4,2,-4,9,-9,-11,-8,12,-10,5,10,7,-10
"38","nrep","lmc22","polynrep38.txt",2,-1,7,-7,-13,-14,-12,13,-10,-1,-9,14,12,0,-15,12,-7,-6,10
"38","nrep","lmc22","polynrep38.txt",3,13,-14,-1,-13,15,-10,-12,10,7,8,-15,-13,-7,4,-12,3,-7,-8
"38","rep","lmc22","polyrep38.txt",1,-10,-8,14,-6,6,-5,-14,-13,9,-14,9,10,-12,-5,11,-6,-1,5
"38","rep","lmc22","polyrep38.txt",2,9,10,-11,1,13,-1,-8,-5,-6,8,4,5,-9,-13,-15,-9,-9,12
"38","rep","lmc22","polyrep38.txt",3,1,1,-3,0,6,6,11,-5,-8,-11,-9,-13,4,-1,3,-3,15,5
"39","nrep","lmc22","polynrep39.txt",1,2,-12,-12,-7,-9,-15,-3,-5,-12,8,1,-4,-11,-2,-13,-4,12,5
"39","nrep","lmc22","polynrep39.txt",2,-13,-5,-2,-11,-8,0,12,14,-6,-8,15,-5,-15,-14,-4,-1,-10,4
"39","nrep","lmc22","polynrep39.txt",3,-2,14,3,-3,-10,-2,-3,-2,-11,-12,11,11,7,-12,8,-7,-2,-7
"39","rep","lmc22","polyrep39.txt",1,1,3,13,-11,4,-7,-14,-3,-8,9,-5,0,2,-14,-1,-1,15,10
"39","rep","lmc22","polyrep39.txt",2,-11,8,5,3,-7,16,-3,-12,13,7,15,-2,-3,3,-14,12,-8,-14
"39","rep","lmc22","polyrep39.txt",3,6,9,-11,-8,-6,5,1,-12,9,5,9,-4,16,3,-3,16,-14,12
"4","nrep","lmc22","polynrep4.txt",1,-10,-1,-6,-5,6,-7,-1,6,8,-3,-7,13,-13,-9,-12,15,10,-14
"4","nrep","lmc22","polynrep4.txt",2,0,-7,9,-15,3,-6,-12,-10,-13,-12,10,1,11,-12,-4,-9,-7,0
"4","nrep","lmc22","polynrep4.txt",3,10,16,-6,16,-10,7,15,-2,-1,-12,-11,-8,-10,-5,-7,2,-8,11
"40","nrep","lmc22","polynrep40.txt",1,-3,-13,-11,-6,-13,11,-5,-5,14,12,-6,11,5,-14,15,0,13,5
"40","nrep","lmc22","polynrep40.txt",2,-4,13,10,-2,0,-15,-12,10,2,2,-2,-6,-13,3,5,9,12,-5
"40","nrep","lmc22","polynrep40.txt",3,-12,-11,2,6,-3,-2,11,15,-15,-7,-9,6,-4,12,-6,16,13,14
"40","rep","lmc22","polyrep40.txt",1,15,7,1,6,1,-10,8,-10,-7,-9,13,5,-9,2,-14,-13,-4,-13
"40","rep","lmc22","polyrep40.txt",2,-10,14,7,-1,10,-5,-13,3,-7,-5,2,-1,15,-9,5,3,-1,16
"40","rep","lmc22","polyrep40.txt",3,-11,10,15,15,8,-14,-7,-2,-1,1,9,15,-10,-2,3,-5,-8,4
"41","nrep","lmc22","polynrep41.txt",1,-8,-9,-6,11,14,8,11,12,-12,-11,-6,-10,15,12,-13,13,-10,-4
"41","nrep","lmc22","polynrep41.txt",2,-7,11,3,-1,-6,-3,-9,-7,2,11,-13,-14,-4,1,-7,2,13,10
"41","nrep","lmc22","polynrep41.txt",3,-2,9,-13,0,1,7,-14,-8,10,-6,-6,5,-1,3,5,-10,12,-8
"42","nrep","lmc22","polynrep42.txt",1,15,9,-13,-5,12,-13,-6,-5,-8,-8,-7,5,16,2,3,10,-13,4
"42","nrep","lmc22","polynrep42.txt",2,9,-14,15,2,15,9,4,-5,4,2,10,15,-4,-15,6,14,-6,15
"42","nrep","lmc22","polynrep42.txt",3,8,15,4,13,-11,-13,1,-10,10,-10,8,-5,-13,2,-1,-12,-8,-10
"43","nrep","lmc22","polynrep43.txt",1,0,0,4,-10,9,12,12,-5,15,14,-8,11,7,-10,-14,-13,9,2
"43","nrep","lmc22","polynrep43.txt",2,2,-13,4,3,1,12,-11,14,-13,-8,-3,6,-15,3,-5,-6,-8,-13
"43","nrep","lmc22","polynrep43.txt",3,-8,11,-14,-13,-2,-13,2,2,-5,-9,-15,-6,-13,-8,-4,-14,-7,-6
"44","nrep","lmc22","polynrep44.txt",1,15,13,-14,-5,-3,-5,9,-4,11,1,-11,11,-15,6,2,-6,9,-7
"44","nrep","lmc22","polynrep44.txt",2,-4,1,10,-7,-10,1,14,-6,-9,15,-4,-9,-15,7,1,3,6,15
"44","nrep","lmc22","polynrep44.txt",3,-5,15,0,13,0,-14,7,12,-6,-11,-11,14,8,3,16,-2,-11,-14
"45","nrep","lmc22","polynrep45.txt",1,6,-6,-5,-9,13,10,-13,1,9,-2,-12,-13,2,-7,-3,-6,8,7
"45","nrep","lmc22","polynrep45.txt",2,2,6,8,-8,4,-9,10,13,-5,1,-9,10,-3,3,-14,-9,5,-15
"45","nrep","lmc22","polynrep45.txt",3,-6,-7,-8,-4,-3,1,11,3,15,-4,8,14,10,-11,-4,-9,5,-1
"45","rep","lmc22","polyrep45.txt",1,9,14,-2,-13,12,14,0,4,10,-1,-10,11,2,12,14,-6,12,3
"45","rep","lmc22","polyrep45.txt",2,-13,-1,-4,3,10,13,-9,13,1,15,-8,6,2,6,-4,-11,14,-10
"45","rep","lmc22","polyrep45.txt",3,3,-12,-14,-14,-6,-10,7,6,-15,-6,-4,-7,5,-6,-13,15,15,14
"47","nrep","lmc22","polynrep47.txt",1,-5,10,1,3,-14,14,-1,8,-4,8,2,-13,-14,10,-10,2,10,-3
"47","nrep","lmc22","polynrep47.txt",2,-5,3,5,7,1,8,-10,8,7,-3,-5,11,4,2,11,14,1,-6
"47","nrep","lmc22","polynrep47.txt",3,-10,5,-8,-11,-15,12,1,15,8,2,14,0,8,-1,-13,-7,-3,2
"47","rep","lmc22","polyrep47.txt",1,-12,15,-14,-9,-10,10,-5,-7,3,-14,6,6,-2,-2,-12,-1,-11,-7
"47","rep","lmc22","polyrep47.txt",2,-13,8,10,9,-6,9,0,7,-1,1,4,4,7,-15,-13,-7,13,-5
"47","rep","lmc22","polyrep47.txt",3,2,14,8,-8,-15,-7,-13,-8,-3,-5,-1,6,-6,-6,-4,-8,-4,-1
"48","nrep","lmc22","polynrep48.txt",1,-14,2,6,9,13,3,5,1,1,-13,7,0,7,-8,3,12,11,-7
"48","nrep","lmc22","polynrep48.txt",2,12,15,8,-7,10,6,-5,-12,-7,16,9,11,8,14,4,-8,4,10
"48","nrep","lmc22","polynrep48.txt",3,-5,14,-12,-14,-6,-1,-7,-8,-1,8,-7,15,-2,-8,2,14,7,14
"48","rep","lmc22","polyrep48.txt",1,-10,-11,13,1,-12,4,0,-7,0,-10,5,0,4,-7,14,13,14,-5
"48","rep","lmc22","polyrep48.txt",2,16,13,12,3,9,15,14,15,-10,3,-8,10,-1,-3,-8,-13,6,-10
"48","rep","lmc22","polyrep48.txt",3,-1,-2,-5,0,4,10,16,8,-6,16,3,5,11,11,11,-8,12,-12
"49","nrep","lmc22","polynrep49.txt",1,9,-8,-10,-6,6,-3,-9,11,-1,13,-3,1,11,14,8,2,-1,-8
"49","nrep","lmc22","polynrep49.txt",2,15,-7,1,6,14,5,-7,-11,14,-10,1,-5,12,-6,7,-1,-6,11
"49","nrep","lmc22","polynrep49.txt",3,-10,3,7,-4,-9,-1,4,-7,15,-4,-14,-14,-1,5,14,-6,7,6
"50","nrep","lmc22","polynrep50.txt",1,7,-7,11,-14,8,-2,-14,-5,-8,4,-11,-12,4,-13,8,-12,-15,5
"50","nrep","lmc22","polynrep50.txt",2,9,7,-2,-2,6,16,-8,14,15,15,6,-3,-5,-3,-4,14,0,12
"50","nrep","lmc22","polynrep50.txt",3,-13,-4,8,10,-12,9,-14,5,10,-10,-15,-8,-14,13,-7,9,1,5
"52","nrep","lmc22","polynrep52.txt",1,10,4,2,2,2,-7,-2,13,10,-4,8,-5,5,2,-10,14,-6,-14
"52","nrep","lmc22","polynrep52.txt",2,6,11,-6,5,-8,-12,3,-2,10,12,-11,8,-1,8,12,7,-5,-11
"52","nrep","lmc22","polynrep52.txt",3,15,12,4,-8,-3,-14,15,-13,-14,-3,-11,14,-10,8,-2,-3,4,5
"52","rep","lmc22","polyrep52.txt",1,2,-1,-1,10,-12,-10,-14,-15,-8,5,4,11,-5,-1,-12,1,-15,-11
"52","rep","lmc22","polyrep52.txt",2,3,3,-12,-5,9,-13,0,-1,-3,8,-8,16,5,-2,5,13,14,0
"52","rep","lmc22","polyrep52.txt",3,-12,5,-14,-9,5,1,15,-9,5,-10,11,-12,6,3,-10,-14,6,14
"53","nrep","lmc22","polynrep53.txt",1,5,-8,16,6,6,3,-11,-11,16,-11,-6,14,14,14,2,16,-3,6
"53","nrep","lmc22","polynrep53.txt",2,-9,4,2,8,-13,4,9,10,-3,-10,-10,-13,-14,12,1,-4,-1,3
"53","nrep","lmc22","polynrep53.txt",3,-10,1,-1,3,-7,1,4,-8,0,-13,15,-2,10,12,-10,13,-15,4
"53","rep","lmc22","polyrep53.txt",1,4,13,8,-5,12,-8,9,11,-4,12,0,10,-14,-7,5,6,2,-10
"53","rep","lmc22","polyrep53.txt",2,6,5,-6,-5,-9,-15,0,7,5,-3,8,16,10,10,-11,-2,-12,2
"53","rep","lmc22","polyrep53.txt",3,-2,-7,16,0,3,-15,10,9,-13,-4,-2,-11,3,-4,-4,15,4,-2
"6","nrep","lmc22","polynrep6.txt",1,8,9,2,7,6,10,12,-12,14,14,3,-11,13,-5,-10,9,-5,-11
"6","nrep","lmc22","polynrep6.txt",2,14,7,-3,12,-15,-8,-2,-2,12,14,8,0,11,10,-13,-1,-10,11
"6","nrep","lmc22","polynrep6.txt",3,-8,6,8,-5,8,15,-11,14,-8,15,11,-7,3,-4,-12,-14,-3,-2
"6","rep","lmc22","polyrep6.txt",1,-11,4,9,0,-9,-1,-8,11,-13,-6,15,-4,-10,-8,8,-4,11,-9
"6","rep","lmc22","polyrep6.txt",2,-6,-11,-5,16,-2,10,-6,12,-10,15,0,4,15,-5,-1,15,-1,-12
"6","rep","lmc22","polyrep6.txt",3,7,2,-14,-5,-3,-2,-6,-4,-4,15,-6,12,6,0,9,9,-10,-3
"7","nrep","lmc22","polynrep7.txt",1,12,-5,-14,0,-9,-2,9,-15,-11,-3,9,7,-13,-4,11,3,-12,-6
"7","nrep","lmc22","polynrep7.txt",2,7,-5,-2,-2,-4,-5,-11,-13,1,7,0,-12,-14,-8,-7,-7,0,-1
"7","nrep","lmc22","polynrep7.txt",3,15,14,11,-8,8,15,-7,5,6,13,1,-12,-8,10,2,1,-8,1
"7","rep","lmc22","polyrep7.txt",1,12,16,-3,-8,-1,-7,-14,5,-6,-1,12,-12,8,2,4,-10,7,10
"7","rep","lmc22","polyrep7.txt",2,-2,15,-11,11,-11,-7,-4,8,-12,-10,2,-7,-2,-11,-10,15,8,-4
"7","rep","lmc22","polyrep7.txt",3,7,12,13,-8,14,-13,-4,-7,1,11,15,14,5,2,-3,13,1,6
"8","nrep","lmc22","polynrep8.txt",1,-8,10,-11,-12,16,13,15,-10,-1,11,9,0,7,5,6,13,4,8
"8","nrep","lmc22","polynrep8.txt",2,-13,3,0,12,16,-5,-4,-1,-12,-11,-14,-6,2,13,-13,-2,2,-14
"8","nrep","lmc22","polynrep8.txt",3,3,12,13,-2,8,5,1,2,-7,-12,-14,2,-12,-9,1,7,2,15
"8","rep","lmc22","polyrep8.txt",1,-4,13,-8,5,-14,12,2,15,-7,-4,6,-14,0,-13,1,13,13,-2
"8","rep","lmc22","polyrep8.txt",2,-10,3,-2,-10,-5,-5,14,2,8,2,11,9,-6,6,-6,12,13,6
"8","rep","lmc22","polyrep8.txt",3,10,5,-13,-4,-10,7,9,-5,10,-2,1,8,10,-9,-6,-9,-2,-1
"9","nrep","lmc22","polynrep9.txt",1,11,-9,-9,11,-1,-6,-11,-5,6,15,-9,16,14,0,7,-13,15,15
"9","nrep","lmc22","polynrep9.txt",2,-3,-14,15,-14,4,-14,4,5,0,6,-8,-9,-14,6,5,13,-4,7
"9","nrep","lmc22","polynrep9.txt",3,5,14,12,-12,14,-14,15,13,10,5,-8,-4,7,15,-5,-11,11,-14
"9","rep","lmc22","polyrep9.txt",1,-8,0,13,-8,6,-12,-6,15,5,-7,-12,8,-15,-8,0,-1,-3,-3
"9","rep","lmc22","polyrep9.txt",2,-7,16,-8,-7,3,-7,13,13,14,-5,6,7,8,-10,-15,-13,0,-6
"9","rep","lmc22","polyrep9.txt",3,7,15,8,8,-12,2,-12,-11,6,-13,5,6,-13,-15,3,-4,15,15
"19","rep","lmc22","polyrep19.txt",1,-5,0,4,2,7,2,-15,14,-13,-8,-1,-11,11,10,2,4,12,12
"19","rep","lmc22","polyrep19.txt",2,3,14,0,-10,-5,12,-14,0,-8,15,10,12,-13,-11,-14,6,-13,-6
"19","rep","lmc22","polyrep19.txt",3,-9,-7,-13,-13,4,-10,-6,-10,2,15,7,0,-13,10,9,-4,-5,3
"3","rep","lmc22","polyrep3.txt",1,0,13,-3,-7,0,-12,-3,5,-13,-8,5,8,14,-2,-10,-14,13,14
"3","rep","lmc22","polyrep3.txt",2,-14,7,12,-15,-7,-4,7,-15,-3,1,11,2,-7,-9,10,-7,-15,-1
"3","rep","lmc22","polyrep3.txt",3,-14,4,6,2,-12,-6,-3,-1,0,11,-11,5,8,-11,7,13,10,11
"32","rep","lmc22","polyrep32.txt",1,-11,7,-8,10,-14,1,14,-14,-1,-13,-13,-11,1,-8,-4,-12,2,14
"32","rep","lmc22","polyrep32.txt",2,-14,-4,-13,15,8,3,-12,-3,-10,-5,1,-1,-9,-13,-8,-15,4,10
"32","rep","lmc22","polyrep32.txt",3,-12,-9,-2,14,-10,-10,2,10,10,-12,-3,-10,15,-11,0,12,1,-15
"36","rep","lmc22","polyrep36.txt",1,0,4,7,-15,6,-3,-9,0,7,-5,-11,-1,-12,-3,-2,8,-1,-3
"36","rep","lmc22","polyrep36.txt",2,11,-10,4,-2,11,-4,14,3,4,4,1,9,15,6,16,0,-10,-2
"36","rep","lmc22","polyrep36.txt",3,-7,-11,9,14,-7,-7,4,3,-4,11,7,-10,14,2,-12,-15,-6,14
"46","rep","lmc22","polyrep46.txt",1,16,12,12,14,-6,6,-3,-9,2,-12,-12,-5,1,4,-15,12,1,8
"46","rep","lmc22","polyrep46.txt",2,15,-13,-8,4,-12,5,13,-5,13,7,-1,-10,5,-4,-4,-10,16,-6
"46","rep","lmc22","polyrep46.txt",3,-4,7,-12,16,-6,-9,4,10,16,8,-2,12,1,-2,-6,4,12,1
"5","rep","lmc22","polyrep5.txt",1,4,-5,-3,-13,12,3,-4,4,11,15,-14,4,-3,-7,-2,0,-3,8
"5","rep","lmc22","polyrep5.txt",2,-14,14,-9,3,-13,-7,0,5,-1,-4,15,-13,2,-5,9,16,13,-4
"5","rep","lmc22","polyrep5.txt",3,12,9,-1,-7,0,4,2,3,-15,-14,-5,6,-13,-10,5,2,4,-1
"51","rep","lmc22","polyrep51.txt",1,-3,-12,-12,-8,-14,-6,-14,-11,-14,15,-8,10,4,13,5,-2,-10,-4
"51","rep","lmc22","polyrep51.txt",2,-4,-7,-10,7,-7,0,14,9,3,-6,-15,-3,-2,9,-4,-12,4,13
"51","rep","lmc22","polyrep51.txt",3,-1,-2,0,-5,-6,12,-5,-14,5,-8,2,-10,10,10,12,15,-8,-7
"54","rep","lmc22","polyrep54.txt",1,-10,7,-15,-8,-3,9,4,-5,-11,12,-6,10,10,-8,-5,13,9,6
"54","rep","lmc22","polyrep54.txt",2,16,3,-1,-2,10,-12,3,0,-7,-2,15,-2,12,-1,5,3,-1,14
"54","rep","lmc22","polyrep54.txt",3,-7,-10,5,-15,2,-9,6,-8,-4,1,1,1,-14,14,16,8,-5,14
"55","rep","lmc22","polyrep55.txt",1,5,5,3,4,2,-11,-8,9,4,-3,-2,-9,6,15,16,12,-6,-4
"55","rep","lmc22","polyrep55.txt",2,0,13,15,11,-6,9,3,-6,-14,4,-3,11,10,11,-3,-11,3,-14
"55","rep","lmc22","polyrep55.txt",3,-15,-15,-5,-6,-2,14,-12,7,0,-15,4,2,9,-15,-8,9,4,-9
"56","rep","lmc22","polyrep56.txt",1,10,-14,-5,-4,13,8,3,0,11,-2,1,8,-13,-8,10,13,-11,4
"56","rep","lmc22","polyrep56.txt",2,4,15,12,6,7,-7,-4,-2,2,16,-9,-14,-12,-3,2,-2,4,-11
"56","rep","lmc22","polyrep56.txt",3,-8,-3,12,8,15,12,0,8,1,-5,-13,1,-6,-7,6,-14,-9,6
"57","rep","lmc22","polyrep57.txt",1,14,13,0,-12,11,14,-8,-12,14,-15,12,12,0,10,-3,8,11,2
"57","rep","lmc22","polyrep57.txt",2,0,5,-4,8,-13,-10,15,-4,0,-6,0,-12,10,2,2,12,-9,10
"57","rep","lmc22","polyrep57.txt",3,-9,9,5,0,-3,15,-7,0,-5,-5,3,9,3,-5,-6,11,16,13
"58","rep","lmc22","polyrep58.txt",1,10,-10,2,5,-13,7,-10,0,-15,0,-8,6,1,-11,13,11,13,3
"58","rep","lmc22","polyrep58.txt",2,11,15,-9,-6,-4,4,-5,-7,12,-7,2,-2,-10,-10,-1,-12,7,12
"58","rep","lmc22","polyrep58.txt",3,-4,-7,-4,9,9,12,-7,9,13,-7,1,12,6,-13,-11,10,7,4
"59","rep","lmc22","polyrep59.txt",1,-9,15,-5,-4,15,-1,-14,14,-9,2,4,8,4,3,-11,1,13,1
"59","rep","lmc22","polyrep59.txt",2,-6,0,-15,9,-14,6,8,-15,6,2,-7,-9,0,12,-9,15,3,8
"59","rep","lmc22","polyrep59.txt",3,9,7,-13,-1,-2,-15,8,3,7,12,16,-3,-7,-10,-3,12,0,-4
